﻿<?xml version="1.0" encoding="utf-8" ?>
<config>
  <cmpp name="gate_ip" value=""/>
  <cmpp name="gate_port" value=""/>
  <cmpp name="corp_id" value=""/>
  <cmpp name="username" value=""/>
  <cmpp name="password" value=""/>
  <cmpp name="spcode" value=""/>
  <cmpp name="Service_Id" value=""/>
  <cmpp name="Fee_UserType" value="0"/>
  <cmpp name="Fee_terminal_Id" value=""/>
  <cmpp name="FeeType" value="01"/>
  <cmpp name="FeeCode" value="000000"/>
  <cmpp name="DestPhone" value=""/>
  <cmpp name="extcode" value=""/>
</config>